[{"id":1,"name":"Camisa Brasil 2022","description":"Camisa oficial da seleção brasileira modelo 2022","price":299.9,"originalPrice":349.9,"imageUrl":"https://images.unsplash.com/photo-1622979135225-d2ba269cf1ac?ixlib=rb-4.0.3&ixid=MnwxMjA3fDB8MHxzZWFyY2h8Mnx8YnJhemlsJTIwc29jY2VyfGVufDB8fDB8fA%3D%3D&w=1000&q=80","category":"Camisas","inStock":true,"isPromoted":true,"isBestSeller":true},{"id":2,"name":"Camisa Santos FC 2023","description":"Camisa oficial do Santos FC temporada 2023","price":249.9,"originalPrice":299.9,"imageUrl":"https://images.unsplash.com/photo-1605488868151-83914d851019?ixlib=rb-4.0.3&ixid=MnwxMjA3fDB8MHxzZWFyY2h8NHx8c2FudG9zJTIwZmN8ZW58MHx8MHx8&w=1000&q=80","category":"Camisas","inStock":true,"isPromoted":false,"isBestSeller":true},{"id":3,"name":"Chuteira Nike Mercurial","description":"Chuteira profissional para gramado","price":499.9,"originalPrice":599.9,"imageUrl":"https://images.unsplash.com/photo-1511886929837-354984f05630?ixlib=rb-4.0.3&ixid=MnwxMjA3fDB8MHxzZWFyY2h8OXx8bmlrZSUyMHNvY2NlciUyMGNsZWF0c3xlbnwwfHwwfHw%3D&w=1000&q=80","category":"Calçados","inStock":true,"isPromoted":true,"isBestSeller":false},{"id":4,"name":"Bola Adidas Al Rihla","description":"Bola oficial da Copa do Mundo 2022","price":199.9,"originalPrice":249.9,"imageUrl":"https://images.unsplash.com/photo-1614632537236-1d64ded232f2?ixlib=rb-4.0.3&ixid=MnwxMjA3fDB8MHxzZWFyY2h8MXx8c29jY2VyJTIwYmFsbHxlbnwwfHwwfHw%3D&w=1000&q=80","category":"Equipamentos","inStock":true,"isPromoted":false,"isBestSeller":false},{"id":5,"name":"Camisa Flamengo 2023","description":"Camisa oficial do Flamengo temporada 2023","price":249.9,"originalPrice":299.9,"imageUrl":"https://images.unsplash.com/photo-1608500416983-3cc0d95a85ab?ixlib=rb-4.0.3&ixid=MnwxMjA3fDB8MHxzZWFyY2h8M3x8ZmxhbWVuZ298ZW58MHx8MHx8&w=1000&q=80","category":"Camisas","inStock":true,"isPromoted":true,"isBestSeller":true},{"id":6,"name":"Camisa Argentina 2022","description":"Camisa campeã da Copa do Mundo 2022","price":299.9,"originalPrice":349.9,"imageUrl":"https://images.unsplash.com/photo-1531162450429-7f6194fb2adb?ixlib=rb-4.0.3&ixid=MnwxMjA3fDB8MHxzZWFyY2h8Mnx8YXJnZW50aW5hJTIwamVyc2V5fGVufDB8fDB8fA%3D%3D&w=1000&q=80","category":"Camisas","inStock":true,"isPromoted":false,"isBestSeller":true}]